-- ================================================================
-- PaySphereX — UPDATED DEMO SEED (Viraj Patil + Team)
-- ================================================================

TRUNCATE TABLE audit_logs, bonuses, payslips, payroll_runs,
  leave_requests, leave_balances, attendance,
  salary_structures, refresh_tokens,
  employees, departments, holidays, leave_types, roles
RESTART IDENTITY CASCADE;

INSERT INTO roles (name, description) VALUES
  ('admin','Full system access'),('hr','HR management access'),
  ('manager','Team management access'),('employee','Self-service access');

INSERT INTO departments (id, name, code, budget) VALUES
  ('11111111-0000-0000-0000-000000000001','Engineering',       'ENG',5000000),
  ('11111111-0000-0000-0000-000000000002','Human Resources',   'HR', 1500000),
  ('11111111-0000-0000-0000-000000000003','Finance',           'FIN',2000000),
  ('11111111-0000-0000-0000-000000000004','Sales',             'SAL',3000000),
  ('11111111-0000-0000-0000-000000000005','Product Management','PM', 2500000),
  ('11111111-0000-0000-0000-000000000006','Data Science',      'DS', 2800000);

INSERT INTO employees (id,employee_code,first_name,last_name,email,password_hash,phone,date_of_birth,gender,department_id,role_id,job_title,employment_type,date_joined) VALUES
  ('22222222-0000-0000-0000-000000000001','EMP001','Viraj',    'Patil',    'viraj.patil@paysphere.com',     '$2b$12$92IXUNpkjO0rOQ5byMi.Ye4oKoEa3Ro9llC/.og/at2uheWG/igi.','9876543210','1995-06-15','Male','11111111-0000-0000-0000-000000000001',1,'CTO',                     'Full-time','2020-01-15'),
  ('22222222-0000-0000-0000-000000000002','EMP002','Gunesh',   'Yeole',    'gunesh.yeole@paysphere.com',    '$2b$12$92IXUNpkjO0rOQ5byMi.Ye4oKoEa3Ro9llC/.og/at2uheWG/igi.','9876543211','1992-08-22','Male','11111111-0000-0000-0000-000000000002',2,'HR Manager',              'Full-time','2020-03-01'),
  ('22222222-0000-0000-0000-000000000003','EMP003','Kanhaiya', 'Kale',     'kanhaiya.kale@paysphere.com',   '$2b$12$92IXUNpkjO0rOQ5byMi.Ye4oKoEa3Ro9llC/.og/at2uheWG/igi.','9876543212','1988-12-10','Male','11111111-0000-0000-0000-000000000003',3,'Finance Manager',         'Full-time','2019-06-01'),
  ('22222222-0000-0000-0000-000000000004','EMP004','Pratik',   'Bhakare',  'pratik.bhakare@paysphere.com',  '$2b$12$92IXUNpkjO0rOQ5byMi.Ye4oKoEa3Ro9llC/.og/at2uheWG/igi.','9876543213','1995-03-18','Male','11111111-0000-0000-0000-000000000001',4,'Senior Software Engineer','Full-time','2021-08-15'),
  ('22222222-0000-0000-0000-000000000005','EMP005','Rushikesh','Jagtap',   'rushikesh.jagtap@paysphere.com','$2b$12$92IXUNpkjO0rOQ5byMi.Ye4oKoEa3Ro9llC/.og/at2uheWG/igi.','9876543214','1993-07-25','Male','11111111-0000-0000-0000-000000000004',4,'Sales Lead',              'Full-time','2020-11-01'),
  ('22222222-0000-0000-0000-000000000006','EMP006','Om',       'Chaudhari','om.chaudhari@paysphere.com',    '$2b$12$92IXUNpkjO0rOQ5byMi.Ye4oKoEa3Ro9llC/.og/at2uheWG/igi.','9876543215','1991-11-30','Male','11111111-0000-0000-0000-000000000006',4,'Data Scientist',          'Full-time','2021-02-10'),
  ('22222222-0000-0000-0000-000000000007','EMP007','Vaibhav',  'Chaudhari','vaibhav.chaudhari@paysphere.com','$2b$12$92IXUNpkjO0rOQ5byMi.Ye4oKoEa3Ro9llC/.og/at2uheWG/igi.','9876543216','1996-04-05','Male','11111111-0000-0000-0000-000000000001',4,'Software Engineer',       'Full-time','2022-07-01'),
  ('22222222-0000-0000-0000-000000000008','EMP008','Soham',    'Dhumal',   'soham.dhumal@paysphere.com',    '$2b$12$92IXUNpkjO0rOQ5byMi.Ye4oKoEa3Ro9llC/.og/at2uheWG/igi.','9876543217','1994-09-14','Male','11111111-0000-0000-0000-000000000005',4,'Product Manager',         'Full-time','2021-05-20'),
  ('22222222-0000-0000-0000-000000000009','EMP009','Bhavesh',  'Patil',    'bhavesh.patil@paysphere.com',   '$2b$12$92IXUNpkjO0rOQ5byMi.Ye4oKoEa3Ro9llC/.og/at2uheWG/igi.','9876543218','1989-02-28','Male','11111111-0000-0000-0000-000000000006',4,'ML Engineer',             'Full-time','2020-08-15'),
  ('22222222-0000-0000-0000-000000000010','EMP010','Mayur',    'Baviskar', 'mayur.baviskar@paysphere.com',  '$2b$12$92IXUNpkjO0rOQ5byMi.Ye4oKoEa3Ro9llC/.og/at2uheWG/igi.','9876543219','1997-06-12','Male','11111111-0000-0000-0000-000000000004',4,'Sales Executive',         'Full-time','2022-01-10'),
  ('22222222-0000-0000-0000-000000000011','EMP011','Lokesh',   'Devraj',   'lokesh.devraj@paysphere.com',   '$2b$12$92IXUNpkjO0rOQ5byMi.Ye4oKoEa3Ro9llC/.og/at2uheWG/igi.','9876543220','1994-11-08','Male','11111111-0000-0000-0000-000000000001',4,'Backend Developer',       'Full-time','2022-03-15');

UPDATE departments SET manager_id='22222222-0000-0000-0000-000000000001' WHERE id='11111111-0000-0000-0000-000000000001';
UPDATE departments SET manager_id='22222222-0000-0000-0000-000000000002' WHERE id='11111111-0000-0000-0000-000000000002';
UPDATE departments SET manager_id='22222222-0000-0000-0000-000000000003' WHERE id='11111111-0000-0000-0000-000000000003';
UPDATE departments SET manager_id='22222222-0000-0000-0000-000000000005' WHERE id='11111111-0000-0000-0000-000000000004';
UPDATE departments SET manager_id='22222222-0000-0000-0000-000000000008' WHERE id='11111111-0000-0000-0000-000000000005';
UPDATE departments SET manager_id='22222222-0000-0000-0000-000000000006' WHERE id='11111111-0000-0000-0000-000000000006';

INSERT INTO leave_types (name,code,annual_quota,is_paid,carry_forward,max_carry_days,color_code) VALUES
  ('Casual Leave','CL',12,TRUE,FALSE,0,'#3B82F6'),('Sick Leave','SL',12,TRUE,FALSE,0,'#EF4444'),
  ('Earned Leave','EL',15,TRUE,TRUE,30,'#10B981'),('Maternity Leave','ML',90,TRUE,FALSE,0,'#F59E0B'),
  ('Paternity Leave','PL',15,TRUE,FALSE,0,'#8B5CF6'),('Compensatory Off','CO',0,TRUE,TRUE,10,'#6366F1'),
  ('Leave Without Pay','LWP',0,FALSE,FALSE,0,'#6B7280');

INSERT INTO salary_structures (employee_id,effective_from,base_salary,hra,transport_allowance,medical_allowance,special_allowance,pf_employee,pf_employer,professional_tax,income_tax_tds,is_current) VALUES
  ('22222222-0000-0000-0000-000000000001','2024-01-01',180000,72000,3000,1250,30000,21600,21600,200,25000,TRUE),
  ('22222222-0000-0000-0000-000000000002','2024-01-01',120000,48000,3000,1250,18000,14400,14400,200,12000,TRUE),
  ('22222222-0000-0000-0000-000000000003','2024-01-01',140000,56000,3000,1250,22000,16800,16800,200,16000,TRUE),
  ('22222222-0000-0000-0000-000000000004','2024-01-01',110000,44000,3000,1250,15000,13200,13200,200,10000,TRUE),
  ('22222222-0000-0000-0000-000000000005','2024-01-01', 95000,38000,3000,1250,12000,11400,11400,200, 8000,TRUE),
  ('22222222-0000-0000-0000-000000000006','2024-01-01',125000,50000,3000,1250,18000,15000,15000,200,13000,TRUE),
  ('22222222-0000-0000-0000-000000000007','2024-01-01', 85000,34000,3000,1250,10000,10200,10200,200, 6000,TRUE),
  ('22222222-0000-0000-0000-000000000008','2024-01-01',105000,42000,3000,1250,14000,12600,12600,200, 9500,TRUE),
  ('22222222-0000-0000-0000-000000000009','2024-01-01',115000,46000,3000,1250,16000,13800,13800,200,11000,TRUE),
  ('22222222-0000-0000-0000-000000000010','2024-01-01', 70000,28000,3000,1250, 8000, 8400, 8400,200, 4000,TRUE),
  ('22222222-0000-0000-0000-000000000011','2024-01-01', 88000,35200,3000,1250,10500,10560,10560,200, 6500,TRUE);

INSERT INTO holidays (name,date,type) VALUES
  ('Republic Day','2025-01-26','public'),('Holi','2025-03-14','public'),
  ('Good Friday','2025-04-18','public'),('Eid ul-Fitr','2025-03-31','public'),
  ('Independence Day','2025-08-15','public'),('Gandhi Jayanti','2025-10-02','public'),
  ('Diwali','2025-10-20','public'),('Christmas','2025-12-25','public'),
  ('New Year','2026-01-01','public'),('Republic Day','2026-01-26','public');

INSERT INTO leave_balances (employee_id,leave_type_id,year,allotted,used,carried_forward) VALUES
  ('22222222-0000-0000-0000-000000000001',1,2025,12,1,0),('22222222-0000-0000-0000-000000000001',2,2025,12,0,0),('22222222-0000-0000-0000-000000000001',3,2025,15,2,5),
  ('22222222-0000-0000-0000-000000000002',1,2025,12,3,0),('22222222-0000-0000-0000-000000000002',2,2025,12,2,0),('22222222-0000-0000-0000-000000000002',3,2025,15,4,3),
  ('22222222-0000-0000-0000-000000000003',1,2025,12,3,0),('22222222-0000-0000-0000-000000000003',2,2025,12,2,0),('22222222-0000-0000-0000-000000000003',3,2025,15,4,0),
  ('22222222-0000-0000-0000-000000000004',1,2025,12,5,0),('22222222-0000-0000-0000-000000000004',2,2025,12,9,0),('22222222-0000-0000-0000-000000000004',3,2025,15,1,0),
  ('22222222-0000-0000-0000-000000000005',1,2025,12,7,0),('22222222-0000-0000-0000-000000000005',2,2025,12,3,0),('22222222-0000-0000-0000-000000000005',3,2025,15,5,0),
  ('22222222-0000-0000-0000-000000000006',1,2025,12,2,0),('22222222-0000-0000-0000-000000000006',2,2025,12,4,0),('22222222-0000-0000-0000-000000000006',3,2025,15,3,2),
  ('22222222-0000-0000-0000-000000000007',1,2025,12,4,0),('22222222-0000-0000-0000-000000000007',2,2025,12,3,0),('22222222-0000-0000-0000-000000000007',3,2025,15,1,0),
  ('22222222-0000-0000-0000-000000000008',1,2025,12,3,0),('22222222-0000-0000-0000-000000000008',2,2025,12,2,0),('22222222-0000-0000-0000-000000000008',3,2025,15,3,1),
  ('22222222-0000-0000-0000-000000000009',1,2025,12,3,0),('22222222-0000-0000-0000-000000000009',2,2025,12,10,0),('22222222-0000-0000-0000-000000000009',3,2025,15,1,0),
  ('22222222-0000-0000-0000-000000000010',1,2025,12,3,0),('22222222-0000-0000-0000-000000000010',2,2025,12,2,0),('22222222-0000-0000-0000-000000000010',3,2025,15,2,0),
  ('22222222-0000-0000-0000-000000000011',1,2025,12,2,0),('22222222-0000-0000-0000-000000000011',2,2025,12,2,0),('22222222-0000-0000-0000-000000000011',3,2025,15,2,0);

INSERT INTO leave_requests (employee_id,leave_type_id,start_date,end_date,total_days,reason,status,reviewed_by,reviewed_at,review_comment,applied_on) VALUES
  ('22222222-0000-0000-0000-000000000004',1,'2025-01-06','2025-01-07',2,'Personal work','approved','22222222-0000-0000-0000-000000000002','2025-01-03 10:00:00','Approved.','2025-01-02 09:00:00'),
  ('22222222-0000-0000-0000-000000000007',2,'2025-01-13','2025-01-13',1,'Fever','approved','22222222-0000-0000-0000-000000000002','2025-01-13 11:00:00','Get well soon.','2025-01-13 08:00:00'),
  ('22222222-0000-0000-0000-000000000010',1,'2025-01-20','2025-01-21',2,'Family function','approved','22222222-0000-0000-0000-000000000002','2025-01-17 09:00:00','Approved.','2025-01-16 15:00:00'),
  ('22222222-0000-0000-0000-000000000005',3,'2025-01-27','2025-01-31',5,'Annual vacation','approved','22222222-0000-0000-0000-000000000002','2025-01-20 10:00:00','Enjoy!','2025-01-18 11:00:00'),
  ('22222222-0000-0000-0000-000000000009',2,'2025-02-03','2025-02-04',2,'Severe migraine','approved','22222222-0000-0000-0000-000000000002','2025-02-03 09:30:00','Take care.','2025-02-03 07:00:00'),
  ('22222222-0000-0000-0000-000000000004',2,'2025-02-10','2025-02-11',2,'Viral fever','approved','22222222-0000-0000-0000-000000000002','2025-02-10 10:00:00','Rest well.','2025-02-10 08:00:00'),
  ('22222222-0000-0000-0000-000000000006',1,'2025-02-17','2025-02-18',2,'Personal errands','approved','22222222-0000-0000-0000-000000000002','2025-02-14 11:00:00','Approved.','2025-02-13 14:00:00'),
  ('22222222-0000-0000-0000-000000000005',1,'2025-03-03','2025-03-05',3,'Holi trip','approved','22222222-0000-0000-0000-000000000002','2025-02-28 10:00:00','Have fun!','2025-02-27 16:00:00'),
  ('22222222-0000-0000-0000-000000000009',2,'2025-03-10','2025-03-12',3,'Back pain','approved','22222222-0000-0000-0000-000000000002','2025-03-10 10:30:00','Submit medical cert.','2025-03-10 07:30:00'),
  ('22222222-0000-0000-0000-000000000004',1,'2025-03-17','2025-03-19',3,'Brother wedding','approved','22222222-0000-0000-0000-000000000002','2025-03-14 09:00:00','Congratulations!','2025-03-13 11:00:00'),
  ('22222222-0000-0000-0000-000000000008',3,'2025-03-24','2025-03-28',5,'Goa vacation','approved','22222222-0000-0000-0000-000000000002','2025-03-20 11:00:00','Enjoy!','2025-03-19 14:00:00'),
  ('22222222-0000-0000-0000-000000000009',2,'2025-04-07','2025-04-09',3,'Stomach infection','approved','22222222-0000-0000-0000-000000000002','2025-04-07 11:00:00','Take care.','2025-04-07 08:00:00'),
  ('22222222-0000-0000-0000-000000000004',2,'2025-04-14','2025-04-15',2,'Severe headache','approved','22222222-0000-0000-0000-000000000002','2025-04-14 10:00:00','Rest.','2025-04-14 07:30:00'),
  ('22222222-0000-0000-0000-000000000003',1,'2025-04-21','2025-04-23',3,'Exam preparation','approved','22222222-0000-0000-0000-000000000002','2025-04-18 10:00:00','All the best!','2025-04-17 15:00:00'),
  ('22222222-0000-0000-0000-000000000005',1,'2025-04-28','2025-04-30',3,'Weekend trip','approved','22222222-0000-0000-0000-000000000002','2025-04-25 11:00:00','Approved.','2025-04-24 16:00:00'),
  ('22222222-0000-0000-0000-000000000006',2,'2025-05-05','2025-05-06',2,'Dengue fever','approved','22222222-0000-0000-0000-000000000002','2025-05-05 10:00:00','Take care.','2025-05-05 07:00:00'),
  ('22222222-0000-0000-0000-000000000009',2,'2025-05-12','2025-05-14',3,'Viral infection','approved','22222222-0000-0000-0000-000000000002','2025-05-12 09:30:00','Rest well.','2025-05-12 07:00:00'),
  ('22222222-0000-0000-0000-000000000005',3,'2025-05-19','2025-05-23',5,'Europe trip','approved','22222222-0000-0000-0000-000000000002','2025-05-15 10:00:00','Great trip!','2025-05-14 11:00:00'),
  ('22222222-0000-0000-0000-000000000004',2,'2025-06-02','2025-06-04',3,'Typhoid','approved','22222222-0000-0000-0000-000000000002','2025-06-02 11:00:00','Full rest.','2025-06-02 08:00:00'),
  ('22222222-0000-0000-0000-000000000011',1,'2025-06-09','2025-06-10',2,'Graduation ceremony','approved','22222222-0000-0000-0000-000000000002','2025-06-06 10:00:00','Approved!','2025-06-05 15:00:00'),
  ('22222222-0000-0000-0000-000000000009',2,'2025-06-23','2025-06-25',3,'Knee injury','approved','22222222-0000-0000-0000-000000000002','2025-06-23 10:30:00','Get well soon.','2025-06-23 07:00:00'),
  ('22222222-0000-0000-0000-000000000004',2,'2025-07-07','2025-07-08',2,'Chicken pox','approved','22222222-0000-0000-0000-000000000002','2025-07-07 11:00:00','Rest at home.','2025-07-07 07:00:00'),
  ('22222222-0000-0000-0000-000000000006',3,'2025-07-14','2025-07-18',5,'Himachal trip','approved','22222222-0000-0000-0000-000000000002','2025-07-10 10:00:00','Have fun!','2025-07-09 15:00:00'),
  ('22222222-0000-0000-0000-000000000007',1,'2025-07-21','2025-07-23',3,'Personal work','approved','22222222-0000-0000-0000-000000000002','2025-07-18 10:00:00','Approved.','2025-07-17 15:00:00'),
  ('22222222-0000-0000-0000-000000000009',2,'2025-08-04','2025-08-06',3,'Fever and weakness','approved','22222222-0000-0000-0000-000000000002','2025-08-04 11:00:00','Take rest.','2025-08-04 08:00:00'),
  ('22222222-0000-0000-0000-000000000004',1,'2025-08-11','2025-08-13',3,'Parent anniversary','approved','22222222-0000-0000-0000-000000000002','2025-08-08 10:00:00','Approved!','2025-08-07 14:00:00'),
  ('22222222-0000-0000-0000-000000000007',2,'2025-08-18','2025-08-19',2,'Throat infection','approved','22222222-0000-0000-0000-000000000002','2025-08-18 10:00:00','Rest well.','2025-08-18 07:30:00'),
  ('22222222-0000-0000-0000-000000000003',3,'2025-08-25','2025-08-29',5,'Long vacation','approved','22222222-0000-0000-0000-000000000002','2025-08-21 10:00:00','Great break!','2025-08-20 11:00:00'),
  ('22222222-0000-0000-0000-000000000004',2,'2025-09-01','2025-09-03',3,'Food poisoning','approved','22222222-0000-0000-0000-000000000002','2025-09-01 10:30:00','Complete rest.','2025-09-01 07:00:00'),
  ('22222222-0000-0000-0000-000000000009',2,'2025-09-08','2025-09-10',3,'Viral fever','approved','22222222-0000-0000-0000-000000000002','2025-09-08 11:00:00','Get well soon.','2025-09-08 07:30:00'),
  ('22222222-0000-0000-0000-000000000010',3,'2025-09-15','2025-09-19',5,'Kerala vacation','approved','22222222-0000-0000-0000-000000000002','2025-09-11 10:00:00','Enjoy!','2025-09-10 15:00:00'),
  ('22222222-0000-0000-0000-000000000011',1,'2025-09-22','2025-09-23',2,'Cousin wedding','approved','22222222-0000-0000-0000-000000000002','2025-09-19 11:00:00','Congrats!','2025-09-18 14:00:00'),
  ('22222222-0000-0000-0000-000000000005',1,'2025-10-06','2025-10-08',3,'Dussehra trip','approved','22222222-0000-0000-0000-000000000002','2025-10-03 10:00:00','Approved!','2025-10-02 15:00:00'),
  ('22222222-0000-0000-0000-000000000009',2,'2025-10-13','2025-10-15',3,'Respiratory infection','approved','22222222-0000-0000-0000-000000000002','2025-10-13 11:00:00','Take rest.','2025-10-13 07:00:00'),
  ('22222222-0000-0000-0000-000000000004',1,'2025-10-20','2025-10-22',3,'Diwali family visit','approved','22222222-0000-0000-0000-000000000002','2025-10-17 10:00:00','Happy Diwali!','2025-10-16 14:00:00'),
  ('22222222-0000-0000-0000-000000000006',2,'2025-10-27','2025-10-28',2,'Eye infection','approved','22222222-0000-0000-0000-000000000002','2025-10-27 09:30:00','Take care.','2025-10-27 07:00:00'),
  ('22222222-0000-0000-0000-000000000004',2,'2025-11-03','2025-11-05',3,'Severe cold','approved','22222222-0000-0000-0000-000000000002','2025-11-03 11:00:00','Rest well.','2025-11-03 07:00:00'),
  ('22222222-0000-0000-0000-000000000008',3,'2025-11-10','2025-11-14',5,'Rajasthan trip','approved','22222222-0000-0000-0000-000000000002','2025-11-06 10:00:00','Have fun!','2025-11-05 16:00:00'),
  ('22222222-0000-0000-0000-000000000009',2,'2025-11-17','2025-11-19',3,'Knee problem','approved','22222222-0000-0000-0000-000000000002','2025-11-17 10:30:00','See specialist.','2025-11-17 07:30:00'),
  ('22222222-0000-0000-0000-000000000005',3,'2025-12-22','2025-12-26',5,'Christmas vacation','approved','22222222-0000-0000-0000-000000000002','2025-12-18 10:00:00','Merry Christmas!','2025-12-17 14:00:00'),
  ('22222222-0000-0000-0000-000000000009',2,'2025-12-08','2025-12-09',2,'Flu','approved','22222222-0000-0000-0000-000000000002','2025-12-08 10:00:00','Rest well.','2025-12-08 07:00:00'),
  ('22222222-0000-0000-0000-000000000004',2,'2025-12-15','2025-12-16',2,'Stomach bug','approved','22222222-0000-0000-0000-000000000002','2025-12-15 11:00:00','OK.','2025-12-15 07:30:00'),
  ('22222222-0000-0000-0000-000000000004',2,'2026-03-03','2026-03-05',3,'Viral fever','approved','22222222-0000-0000-0000-000000000002','2026-03-03 10:00:00','Take care.','2026-03-03 08:00:00'),
  ('22222222-0000-0000-0000-000000000009',2,'2026-03-10','2026-03-12',3,'Back pain recurrence','approved','22222222-0000-0000-0000-000000000002','2026-03-10 11:00:00','See specialist.','2026-03-10 07:30:00'),
  ('22222222-0000-0000-0000-000000000005',1,'2026-03-16','2026-03-18',3,'Family function','approved','22222222-0000-0000-0000-000000000002','2026-03-13 10:00:00','Approved.','2026-03-12 15:00:00'),
  ('22222222-0000-0000-0000-000000000006',3,'2026-03-23','2026-03-27',5,'Andaman trip','approved','22222222-0000-0000-0000-000000000002','2026-03-19 11:00:00','Great trip!','2026-03-18 14:00:00'),
  ('22222222-0000-0000-0000-000000000011',2,'2026-03-30','2026-03-31',2,'Cold and body ache','approved','22222222-0000-0000-0000-000000000002','2026-03-30 09:30:00','Rest well.','2026-03-30 07:00:00'),
  -- PENDING - live demo
  ('22222222-0000-0000-0000-000000000004',2,'2026-04-14','2026-04-16',3,'Severe migraine attack','pending',NULL,NULL,NULL,'2026-04-11 08:30:00'),
  ('22222222-0000-0000-0000-000000000009',2,'2026-04-14','2026-04-15',2,'Fever and cold','pending',NULL,NULL,NULL,'2026-04-11 09:00:00'),
  ('22222222-0000-0000-0000-000000000007',1,'2026-04-21','2026-04-23',3,'Personal work out of city','pending',NULL,NULL,NULL,'2026-04-11 10:00:00'),
  ('22222222-0000-0000-0000-000000000010',3,'2026-04-21','2026-04-25',5,'Summer vacation','pending',NULL,NULL,NULL,'2026-04-10 16:00:00'),
  ('22222222-0000-0000-0000-000000000005',3,'2026-04-28','2026-05-02',5,'Manali long weekend trip','pending',NULL,NULL,NULL,'2026-04-09 11:00:00'),
  ('22222222-0000-0000-0000-000000000011',1,'2026-04-28','2026-04-29',2,'Function at home','pending',NULL,NULL,NULL,'2026-04-10 14:00:00'),
  -- REJECTED
  ('22222222-0000-0000-0000-000000000007',3,'2025-12-29','2026-01-02',5,'New Year vacation','rejected','22222222-0000-0000-0000-000000000002','2025-12-22 10:00:00','Critical delivery. Reschedule.','2025-12-20 14:00:00'),
  ('22222222-0000-0000-0000-000000000011',3,'2026-03-02','2026-03-06',5,'Vacation','rejected','22222222-0000-0000-0000-000000000002','2026-02-28 11:00:00','Sprint planning week.','2026-02-26 16:00:00');

INSERT INTO attendance (employee_id,date,check_in,check_out,work_hours,overtime_hours,status,location)
SELECT e.id, d::date,
  CASE WHEN EXTRACT(DOW FROM d) IN (0,6) THEN NULL
       WHEN e.id='22222222-0000-0000-0000-000000000004' AND d::date BETWEEN '2026-03-03' AND '2026-03-05' THEN NULL
       WHEN e.id='22222222-0000-0000-0000-000000000009' AND d::date BETWEEN '2026-03-10' AND '2026-03-12' THEN NULL
       WHEN e.id='22222222-0000-0000-0000-000000000001' THEN d+INTERVAL '8 hours'+(floor(random()*10)::int*INTERVAL '1 minute')
       WHEN e.id IN ('22222222-0000-0000-0000-000000000004','22222222-0000-0000-0000-000000000009') THEN d+INTERVAL '10 hours'+(floor(random()*30)::int*INTERVAL '1 minute')
       WHEN e.id IN ('22222222-0000-0000-0000-000000000005','22222222-0000-0000-0000-000000000007') THEN d+INTERVAL '9 hours'+(floor(random()*45)::int*INTERVAL '1 minute')
       ELSE d+INTERVAL '9 hours'+(floor(random()*20)::int*INTERVAL '1 minute') END,
  CASE WHEN EXTRACT(DOW FROM d) IN (0,6) THEN NULL
       WHEN e.id='22222222-0000-0000-0000-000000000004' AND d::date BETWEEN '2026-03-03' AND '2026-03-05' THEN NULL
       WHEN e.id='22222222-0000-0000-0000-000000000009' AND d::date BETWEEN '2026-03-10' AND '2026-03-12' THEN NULL
       WHEN e.id='22222222-0000-0000-0000-000000000001' THEN d+INTERVAL '20 hours'+(floor(random()*30)::int*INTERVAL '1 minute')
       WHEN e.id IN ('22222222-0000-0000-0000-000000000004','22222222-0000-0000-0000-000000000009') THEN d+INTERVAL '16 hours'+(floor(random()*30)::int*INTERVAL '1 minute')
       ELSE d+INTERVAL '18 hours'+(floor(random()*60)::int*INTERVAL '1 minute') END,
  CASE WHEN EXTRACT(DOW FROM d) IN (0,6) THEN 0
       WHEN e.id='22222222-0000-0000-0000-000000000001' THEN 11+round((random()*1)::numeric,1)
       WHEN e.id IN ('22222222-0000-0000-0000-000000000004','22222222-0000-0000-0000-000000000009') THEN 6+round((random()*1)::numeric,1)
       WHEN e.id IN ('22222222-0000-0000-0000-000000000005','22222222-0000-0000-0000-000000000007') THEN 7.5+round((random()*1)::numeric,1)
       ELSE 8.5+round((random()*1.5)::numeric,1) END,
  CASE WHEN EXTRACT(DOW FROM d) IN (0,6) THEN 0
       WHEN e.id='22222222-0000-0000-0000-000000000001' THEN round((1+random()*2)::numeric,1)
       WHEN e.id IN ('22222222-0000-0000-0000-000000000004','22222222-0000-0000-0000-000000000009') THEN 0
       ELSE round((random()*0.8)::numeric,1) END,
  CASE WHEN EXTRACT(DOW FROM d) IN (0,6) THEN 'weekend'
       WHEN e.id='22222222-0000-0000-0000-000000000004' AND d::date BETWEEN '2026-03-03' AND '2026-03-05' THEN 'on_leave'
       WHEN e.id='22222222-0000-0000-0000-000000000009' AND d::date BETWEEN '2026-03-10' AND '2026-03-12' THEN 'on_leave'
       WHEN e.id IN ('22222222-0000-0000-0000-000000000004','22222222-0000-0000-0000-000000000009') AND random()<0.1 THEN 'absent'
       WHEN e.id IN ('22222222-0000-0000-0000-000000000005','22222222-0000-0000-0000-000000000007') AND random()<0.06 THEN 'absent'
       WHEN e.id='22222222-0000-0000-0000-000000000006' AND EXTRACT(DOW FROM d)=3 THEN 'work_from_home'
       WHEN e.id='22222222-0000-0000-0000-000000000008' AND EXTRACT(DOW FROM d)=1 THEN 'work_from_home'
       WHEN random()<0.03 THEN 'absent'
       ELSE 'present' END,
  CASE WHEN e.id IN ('22222222-0000-0000-0000-000000000006','22222222-0000-0000-0000-000000000008') THEN 'work_from_home' ELSE 'office' END
FROM employees e,
     generate_series(CURRENT_DATE-INTERVAL '90 days', CURRENT_DATE, '1 day') AS d
ON CONFLICT (employee_id,date) DO NOTHING;

INSERT INTO payroll_runs (id,pay_period,run_date,status,processed_by,total_gross,total_net,total_deductions,notes) VALUES
  ('33333333-0000-0000-0000-000000000001','2025-10','2025-11-01','completed','22222222-0000-0000-0000-000000000003',1318250,1003100,315150,'October 2025 payroll'),
  ('33333333-0000-0000-0000-000000000002','2025-11','2025-12-01','completed','22222222-0000-0000-0000-000000000003',1318250,1003100,315150,'November 2025 payroll'),
  ('33333333-0000-0000-0000-000000000003','2025-12','2026-01-01','completed','22222222-0000-0000-0000-000000000003',1448250,1103100,345150,'December 2025 — Diwali bonus included'),
  ('33333333-0000-0000-0000-000000000004','2026-01','2026-02-01','completed','22222222-0000-0000-0000-000000000003',1318250,1003100,315150,'January 2026 payroll'),
  ('33333333-0000-0000-0000-000000000005','2026-02','2026-03-01','completed','22222222-0000-0000-0000-000000000003',1318250,1003100,315150,'February 2026 payroll'),
  ('33333333-0000-0000-0000-000000000006','2026-03','2026-04-01','completed','22222222-0000-0000-0000-000000000003',1448250,1103100,345150,'March 2026 — Q1 performance bonus');

INSERT INTO payslips (payroll_run_id,employee_id,pay_period,working_days,days_present,days_absent,days_paid_leave,base_salary,hra,transport_allowance,medical_allowance,special_allowance,performance_bonus,overtime_pay,gross_salary,pf_deduction,esi_deduction,professional_tax,income_tax_tds,total_deductions,net_salary,payment_status,payment_date)
SELECT r.id, e.id, r.pay_period, 26,
  CASE WHEN e.id IN ('22222222-0000-0000-0000-000000000004','22222222-0000-0000-0000-000000000009') THEN 20
       WHEN e.id IN ('22222222-0000-0000-0000-000000000005','22222222-0000-0000-0000-000000000007') THEN 22 ELSE 24 END,
  CASE WHEN e.id IN ('22222222-0000-0000-0000-000000000004','22222222-0000-0000-0000-000000000009') THEN 3
       WHEN e.id IN ('22222222-0000-0000-0000-000000000005','22222222-0000-0000-0000-000000000007') THEN 2 ELSE 0 END,
  CASE WHEN e.id IN ('22222222-0000-0000-0000-000000000004','22222222-0000-0000-0000-000000000009') THEN 3 ELSE 2 END,
  s.base_salary, s.hra, s.transport_allowance, s.medical_allowance, s.special_allowance,
  CASE WHEN r.pay_period IN ('2025-12','2026-03') AND e.id='22222222-0000-0000-0000-000000000001' THEN 50000
       WHEN r.pay_period IN ('2025-12','2026-03') THEN ROUND(s.base_salary*0.10) ELSE 0 END,
  CASE WHEN e.id='22222222-0000-0000-0000-000000000001' THEN 8000 ELSE ROUND(random()*1500) END,
  s.base_salary+s.hra+s.transport_allowance+s.medical_allowance+s.special_allowance+
    CASE WHEN r.pay_period IN ('2025-12','2026-03') THEN ROUND(s.base_salary*0.10) ELSE 0 END,
  s.pf_employee, s.esi_employee, s.professional_tax, s.income_tax_tds,
  s.pf_employee+s.esi_employee+s.professional_tax+s.income_tax_tds,
  (s.base_salary+s.hra+s.transport_allowance+s.medical_allowance+s.special_allowance+
    CASE WHEN r.pay_period IN ('2025-12','2026-03') THEN ROUND(s.base_salary*0.10) ELSE 0 END)
  -(s.pf_employee+s.esi_employee+s.professional_tax+s.income_tax_tds),
  'paid', (r.run_date+INTERVAL '2 days')::date
FROM payroll_runs r
CROSS JOIN employees e
JOIN salary_structures s ON s.employee_id=e.id AND s.is_current=TRUE
ON CONFLICT DO NOTHING;

INSERT INTO bonuses (employee_id,bonus_type,amount,applicable_month,reason,approved_by,status) VALUES
  ('22222222-0000-0000-0000-000000000001','performance',50000,'2026-03','Q1 2026 leadership excellence','22222222-0000-0000-0000-000000000003','approved'),
  ('22222222-0000-0000-0000-000000000004','performance',15000,'2026-03','Project delivery','22222222-0000-0000-0000-000000000003','approved'),
  ('22222222-0000-0000-0000-000000000006','performance',18000,'2026-03','ML model deployment success','22222222-0000-0000-0000-000000000003','approved'),
  ('22222222-0000-0000-0000-000000000005','performance',20000,'2026-03','Sales target exceeded 40%','22222222-0000-0000-0000-000000000003','approved'),
  ('22222222-0000-0000-0000-000000000001','festival',30000,'2025-12','Diwali bonus','22222222-0000-0000-0000-000000000003','paid'),
  ('22222222-0000-0000-0000-000000000002','festival',20000,'2025-12','Diwali bonus','22222222-0000-0000-0000-000000000003','paid'),
  ('22222222-0000-0000-0000-000000000003','festival',20000,'2025-12','Diwali bonus','22222222-0000-0000-0000-000000000003','paid'),
  ('22222222-0000-0000-0000-000000000004','festival',15000,'2025-12','Diwali bonus','22222222-0000-0000-0000-000000000003','paid'),
  ('22222222-0000-0000-0000-000000000005','festival',15000,'2025-12','Diwali bonus','22222222-0000-0000-0000-000000000003','paid'),
  ('22222222-0000-0000-0000-000000000009','referral',10000,'2026-02','Referred Lokesh Devraj','22222222-0000-0000-0000-000000000003','paid');

SELECT 'employees' AS tbl,COUNT(*) FROM employees
UNION ALL SELECT 'leave_requests',COUNT(*) FROM leave_requests
UNION ALL SELECT 'payslips',COUNT(*) FROM payslips
UNION ALL SELECT 'attendance',COUNT(*) FROM attendance
UNION ALL SELECT 'bonuses',COUNT(*) FROM bonuses;
