employee_id,payroll_month,payroll_year,base_salary,hra,ta,da,performance_bonus,gross_salary,pf_deduction,esi_deduction,income_tax,net_salary,status
cbd064df-765b-43b1-a6de-47fffd90277e,1,2025,65446,13089,6544,3272,645,88996,7853,1557,8899,70687,Paid
cbd064df-765b-43b1-a6de-47fffd90277e,2,2025,65446,13089,6544,3272,2221,90572,7853,1585,9057,72077,Paid
cbd064df-765b-43b1-a6de-47fffd90277e,3,2025,65446,13089,6544,3272,6241,94592,7853,1655,9459,75625,Paid
cbd064df-765b-43b1-a6de-47fffd90277e,4,2025,65446,13089,6544,3272,7746,96097,7853,1681,9609,76954,Paid
cbd064df-765b-43b1-a6de-47fffd90277e,5,2025,65446,13089,6544,3272,6215,94566,7853,1654,9456,75603,Paid
cbd064df-765b-43b1-a6de-47fffd90277e,6,2025,65446,13089,6544,3272,7813,96164,7853,1682,9616,77013,Paid
dc25aa84-d58e-4e57-9a98-885120ccf60e,1,2025,84684,16936,8468,4234,12568,126890,10162,2220,12689,101819,Paid
dc25aa84-d58e-4e57-9a98-885120ccf60e,2,2025,84684,16936,8468,4234,326,114648,10162,2006,11464,91016,Paid
dc25aa84-d58e-4e57-9a98-885120ccf60e,3,2025,84684,16936,8468,4234,9603,123925,10162,2168,12392,99203,Paid
dc25aa84-d58e-4e57-9a98-885120ccf60e,4,2025,84684,16936,8468,4234,11274,125596,10162,2197,12559,100678,Paid
dc25aa84-d58e-4e57-9a98-885120ccf60e,5,2025,84684,16936,8468,4234,5937,120259,10162,2104,12025,95968,Paid
dc25aa84-d58e-4e57-9a98-885120ccf60e,6,2025,84684,16936,8468,4234,7224,121546,10162,2127,12154,97103,Paid
397f1799-4620-4a1f-a3e1-1fa6e223e42e,1,2025,87666,17533,8766,4383,7329,125677,10519,2199,12567,100392,Paid
397f1799-4620-4a1f-a3e1-1fa6e223e42e,2,2025,87666,17533,8766,4383,325,118673,10519,2076,11867,94211,Paid
397f1799-4620-4a1f-a3e1-1fa6e223e42e,3,2025,87666,17533,8766,4383,8057,126405,10519,2212,12640,101034,Paid
397f1799-4620-4a1f-a3e1-1fa6e223e42e,4,2025,87666,17533,8766,4383,11006,129354,10519,2263,12935,103637,Paid
397f1799-4620-4a1f-a3e1-1fa6e223e42e,5,2025,87666,17533,8766,4383,9286,127634,10519,2233,12763,102119,Paid
397f1799-4620-4a1f-a3e1-1fa6e223e42e,6,2025,87666,17533,8766,4383,5633,123981,10519,2169,12398,98895,Paid
71b688b3-185a-46a9-a56b-4dad8ff836f6,1,2025,129070,25814,12907,6453,2785,177029,15488,3098,17702,140741,Paid
71b688b3-185a-46a9-a56b-4dad8ff836f6,2,2025,129070,25814,12907,6453,12123,186367,15488,3261,18636,148982,Paid
71b688b3-185a-46a9-a56b-4dad8ff836f6,3,2025,129070,25814,12907,6453,2257,176501,15488,3088,17650,140275,Paid
71b688b3-185a-46a9-a56b-4dad8ff836f6,4,2025,129070,25814,12907,6453,5807,180051,15488,3150,18005,143408,Paid
71b688b3-185a-46a9-a56b-4dad8ff836f6,5,2025,129070,25814,12907,6453,4421,178665,15488,3126,17866,142185,Paid
71b688b3-185a-46a9-a56b-4dad8ff836f6,6,2025,129070,25814,12907,6453,9833,184077,15488,3221,18407,146961,Paid
0b70bf5d-3262-4fff-afec-7f60d23122ae,1,2025,143184,28636,14318,7159,4898,198195,17182,3468,19819,157726,Paid
0b70bf5d-3262-4fff-afec-7f60d23122ae,2,2025,143184,28636,14318,7159,3636,196933,17182,3446,19693,156612,Paid
0b70bf5d-3262-4fff-afec-7f60d23122ae,3,2025,143184,28636,14318,7159,6459,199756,17182,3495,19975,159104,Paid
0b70bf5d-3262-4fff-afec-7f60d23122ae,4,2025,143184,28636,14318,7159,20782,214079,17182,3746,21407,171744,Paid
0b70bf5d-3262-4fff-afec-7f60d23122ae,5,2025,143184,28636,14318,7159,10508,203805,17182,3566,20380,162677,Paid
0b70bf5d-3262-4fff-afec-7f60d23122ae,6,2025,143184,28636,14318,7159,9579,202876,17182,3550,20287,161857,Paid
f8ce00f7-1af4-4f2d-9995-88c404ac5b86,1,2025,61777,12355,6177,3088,5811,89208,7413,1561,8920,71314,Paid
f8ce00f7-1af4-4f2d-9995-88c404ac5b86,2,2025,61777,12355,6177,3088,8105,91502,7413,1601,9150,73338,Paid
f8ce00f7-1af4-4f2d-9995-88c404ac5b86,3,2025,61777,12355,6177,3088,261,83658,7413,1464,8365,66416,Paid
f8ce00f7-1af4-4f2d-9995-88c404ac5b86,4,2025,61777,12355,6177,3088,6844,90241,7413,1579,9024,72225,Paid
f8ce00f7-1af4-4f2d-9995-88c404ac5b86,5,2025,61777,12355,6177,3088,2769,86166,7413,1507,8616,68630,Paid
f8ce00f7-1af4-4f2d-9995-88c404ac5b86,6,2025,61777,12355,6177,3088,5983,89380,7413,1564,8938,71465,Paid
9edfa270-536e-4023-9334-20448974da28,1,2025,106247,21249,10624,5312,3146,146578,12749,2565,14657,116607,Paid
9edfa270-536e-4023-9334-20448974da28,2,2025,106247,21249,10624,5312,8411,151843,12749,2657,15184,121253,Paid
9edfa270-536e-4023-9334-20448974da28,3,2025,106247,21249,10624,5312,4591,148023,12749,2590,14802,117882,Paid
9edfa270-536e-4023-9334-20448974da28,4,2025,106247,21249,10624,5312,8526,151958,12749,2659,15195,121355,Paid
9edfa270-536e-4023-9334-20448974da28,5,2025,106247,21249,10624,5312,14815,158247,12749,2769,15824,126905,Paid
9edfa270-536e-4023-9334-20448974da28,6,2025,106247,21249,10624,5312,15006,158438,12749,2772,15843,127074,Paid
2354a2a8-adaa-4934-8562-a9bc6efd78f5,1,2025,46145,9229,4614,2307,4010,66305,5537,1160,6630,52978,Paid
2354a2a8-adaa-4934-8562-a9bc6efd78f5,2,2025,46145,9229,4614,2307,2609,64904,5537,1135,6490,51742,Paid
2354a2a8-adaa-4934-8562-a9bc6efd78f5,3,2025,46145,9229,4614,2307,1367,63662,5537,1114,6366,50645,Paid
2354a2a8-adaa-4934-8562-a9bc6efd78f5,4,2025,46145,9229,4614,2307,426,62721,5537,1097,6272,49815,Paid
2354a2a8-adaa-4934-8562-a9bc6efd78f5,5,2025,46145,9229,4614,2307,5319,67614,5537,1183,6761,54133,Paid
2354a2a8-adaa-4934-8562-a9bc6efd78f5,6,2025,46145,9229,4614,2307,1956,64251,5537,1124,6425,51165,Paid
277c144a-c05b-472c-a972-6354d3a4c033,1,2025,120382,24076,12038,6019,8621,171136,14445,2994,17113,136584,Paid
277c144a-c05b-472c-a972-6354d3a4c033,2,2025,120382,24076,12038,6019,14710,177225,14445,3101,17722,141957,Paid
277c144a-c05b-472c-a972-6354d3a4c033,3,2025,120382,24076,12038,6019,14186,176701,14445,3092,17670,141494,Paid
277c144a-c05b-472c-a972-6354d3a4c033,4,2025,120382,24076,12038,6019,11059,173574,14445,3037,17357,138735,Paid
277c144a-c05b-472c-a972-6354d3a4c033,5,2025,120382,24076,12038,6019,1325,163840,14445,2867,16384,130144,Paid
277c144a-c05b-472c-a972-6354d3a4c033,6,2025,120382,24076,12038,6019,8940,171455,14445,3000,17145,136865,Paid
2728d707-1d77-415f-b799-d069411a1843,1,2025,160084,32016,16008,8004,21607,237719,19210,4160,23771,190578,Paid
2728d707-1d77-415f-b799-d069411a1843,2,2025,160084,32016,16008,8004,2629,218741,19210,3827,21874,173830,Paid
2728d707-1d77-415f-b799-d069411a1843,3,2025,160084,32016,16008,8004,10909,227021,19210,3972,22702,181137,Paid
2728d707-1d77-415f-b799-d069411a1843,4,2025,160084,32016,16008,8004,18064,234176,19210,4098,23417,187451,Paid
2728d707-1d77-415f-b799-d069411a1843,5,2025,160084,32016,16008,8004,1028,217140,19210,3799,21714,172417,Paid
2728d707-1d77-415f-b799-d069411a1843,6,2025,160084,32016,16008,8004,4281,220393,19210,3856,22039,175288,Paid
53a78173-01ee-4e81-be5c-46980c360673,1,2025,42799,8559,4279,2139,6018,63794,5135,1116,6379,51164,Paid
53a78173-01ee-4e81-be5c-46980c360673,2,2025,42799,8559,4279,2139,4699,62475,5135,1093,6247,50000,Paid
53a78173-01ee-4e81-be5c-46980c360673,3,2025,42799,8559,4279,2139,157,57933,5135,1013,5793,45992,Paid
53a78173-01ee-4e81-be5c-46980c360673,4,2025,42799,8559,4279,2139,2479,60255,5135,1054,6025,48041,Paid
53a78173-01ee-4e81-be5c-46980c360673,5,2025,42799,8559,4279,2139,3118,60894,5135,1065,6089,48605,Paid
53a78173-01ee-4e81-be5c-46980c360673,6,2025,42799,8559,4279,2139,1635,59411,5135,1039,5941,47296,Paid
c948cbd6-930f-4727-940c-b12a5aef6fee,1,2025,163239,32647,16323,8161,12452,232822,19588,4074,23282,185878,Paid
c948cbd6-930f-4727-940c-b12a5aef6fee,2,2025,163239,32647,16323,8161,12726,233096,19588,4079,23309,186120,Paid
c948cbd6-930f-4727-940c-b12a5aef6fee,3,2025,163239,32647,16323,8161,1179,221549,19588,3877,22154,175930,Paid
c948cbd6-930f-4727-940c-b12a5aef6fee,4,2025,163239,32647,16323,8161,22783,243153,19588,4255,24315,194995,Paid
c948cbd6-930f-4727-940c-b12a5aef6fee,5,2025,163239,32647,16323,8161,22016,242386,19588,4241,24238,194319,Paid
c948cbd6-930f-4727-940c-b12a5aef6fee,6,2025,163239,32647,16323,8161,8856,229226,19588,4011,22922,182705,Paid
1b05b5b2-3323-4dcb-92cf-6ea40b84eb54,1,2025,138341,27668,13834,6917,10998,197758,16600,3460,19775,157923,Paid
1b05b5b2-3323-4dcb-92cf-6ea40b84eb54,2,2025,138341,27668,13834,6917,12019,198779,16600,3478,19877,158824,Paid
1b05b5b2-3323-4dcb-92cf-6ea40b84eb54,3,2025,138341,27668,13834,6917,16796,203556,16600,3562,20355,163039,Paid
1b05b5b2-3323-4dcb-92cf-6ea40b84eb54,4,2025,138341,27668,13834,6917,13910,200670,16600,3511,20067,160492,Paid
1b05b5b2-3323-4dcb-92cf-6ea40b84eb54,5,2025,138341,27668,13834,6917,13342,200102,16600,3501,20010,159991,Paid
1b05b5b2-3323-4dcb-92cf-6ea40b84eb54,6,2025,138341,27668,13834,6917,11210,197970,16600,3464,19797,158109,Paid
77861da6-254b-43ec-a49e-ea53693fb1c2,1,2025,74692,14938,7469,3734,5672,106505,8963,1863,10650,85029,Paid
77861da6-254b-43ec-a49e-ea53693fb1c2,2,2025,74692,14938,7469,3734,4285,105118,8963,1839,10511,83805,Paid
77861da6-254b-43ec-a49e-ea53693fb1c2,3,2025,74692,14938,7469,3734,9050,109883,8963,1922,10988,88010,Paid
77861da6-254b-43ec-a49e-ea53693fb1c2,4,2025,74692,14938,7469,3734,3160,103993,8963,1819,10399,82812,Paid
77861da6-254b-43ec-a49e-ea53693fb1c2,5,2025,74692,14938,7469,3734,8008,108841,8963,1904,10884,87090,Paid
77861da6-254b-43ec-a49e-ea53693fb1c2,6,2025,74692,14938,7469,3734,4614,105447,8963,1845,10544,84095,Paid
a665462b-3c92-4098-8a79-33e7fe414a51,1,2025,109906,21981,10990,5495,2729,151101,13188,2644,15110,120159,Paid
a665462b-3c92-4098-8a79-33e7fe414a51,2,2025,109906,21981,10990,5495,14741,163113,13188,2854,16311,130760,Paid
a665462b-3c92-4098-8a79-33e7fe414a51,3,2025,109906,21981,10990,5495,2778,151150,13188,2645,15115,120202,Paid
a665462b-3c92-4098-8a79-33e7fe414a51,4,2025,109906,21981,10990,5495,10440,158812,13188,2779,15881,126964,Paid
a665462b-3c92-4098-8a79-33e7fe414a51,5,2025,109906,21981,10990,5495,3719,152091,13188,2661,15209,121033,Paid
a665462b-3c92-4098-8a79-33e7fe414a51,6,2025,109906,21981,10990,5495,753,149125,13188,2609,14912,118416,Paid
a6f9d9e9-8fd4-4bad-8740-1b066e451957,1,2025,73692,14738,7369,3684,1753,101236,8843,1771,10123,80499,Paid
a6f9d9e9-8fd4-4bad-8740-1b066e451957,2,2025,73692,14738,7369,3684,3980,103463,8843,1810,10346,82464,Paid
a6f9d9e9-8fd4-4bad-8740-1b066e451957,3,2025,73692,14738,7369,3684,1219,100702,8843,1762,10070,80027,Paid
a6f9d9e9-8fd4-4bad-8740-1b066e451957,4,2025,73692,14738,7369,3684,2901,102384,8843,1791,10238,81512,Paid
a6f9d9e9-8fd4-4bad-8740-1b066e451957,5,2025,73692,14738,7369,3684,6117,105600,8843,1848,10560,84349,Paid
a6f9d9e9-8fd4-4bad-8740-1b066e451957,6,2025,73692,14738,7369,3684,1064,100547,8843,1759,10054,79891,Paid
04c8a190-0ce3-455a-b9fd-3298dec57bd5,1,2025,80371,16074,8037,4018,9370,117870,9644,2062,11787,94377,Paid
04c8a190-0ce3-455a-b9fd-3298dec57bd5,2,2025,80371,16074,8037,4018,3882,112382,9644,1966,11238,89534,Paid
04c8a190-0ce3-455a-b9fd-3298dec57bd5,3,2025,80371,16074,8037,4018,1431,109931,9644,1923,10993,87371,Paid
04c8a190-0ce3-455a-b9fd-3298dec57bd5,4,2025,80371,16074,8037,4018,1235,109735,9644,1920,10973,87198,Paid
04c8a190-0ce3-455a-b9fd-3298dec57bd5,5,2025,80371,16074,8037,4018,158,108658,9644,1901,10865,86248,Paid
04c8a190-0ce3-455a-b9fd-3298dec57bd5,6,2025,80371,16074,8037,4018,11847,120347,9644,2106,12034,96563,Paid
8b11014b-91a9-4371-ae43-92f38ae5f767,1,2025,43525,8705,4352,2176,6033,64791,5223,1133,6479,51956,Paid
8b11014b-91a9-4371-ae43-92f38ae5f767,2,2025,43525,8705,4352,2176,2794,61552,5223,1077,6155,49097,Paid
8b11014b-91a9-4371-ae43-92f38ae5f767,3,2025,43525,8705,4352,2176,5058,63816,5223,1116,6381,51096,Paid
8b11014b-91a9-4371-ae43-92f38ae5f767,4,2025,43525,8705,4352,2176,576,59334,5223,1038,5933,47140,Paid
8b11014b-91a9-4371-ae43-92f38ae5f767,5,2025,43525,8705,4352,2176,1279,60037,5223,1050,6003,47761,Paid
8b11014b-91a9-4371-ae43-92f38ae5f767,6,2025,43525,8705,4352,2176,4773,63531,5223,1111,6353,50844,Paid
6c5fb0aa-f69c-4ee2-91cb-529c41adc77a,1,2025,160786,32157,16078,8039,20676,237736,19294,4160,23773,190509,Paid
6c5fb0aa-f69c-4ee2-91cb-529c41adc77a,2,2025,160786,32157,16078,8039,10842,227902,19294,3988,22790,181830,Paid
6c5fb0aa-f69c-4ee2-91cb-529c41adc77a,3,2025,160786,32157,16078,8039,21788,238848,19294,4179,23884,191491,Paid
6c5fb0aa-f69c-4ee2-91cb-529c41adc77a,4,2025,160786,32157,16078,8039,3467,220527,19294,3859,22052,175322,Paid
6c5fb0aa-f69c-4ee2-91cb-529c41adc77a,5,2025,160786,32157,16078,8039,20072,237132,19294,4149,23713,189976,Paid
6c5fb0aa-f69c-4ee2-91cb-529c41adc77a,6,2025,160786,32157,16078,8039,3996,221056,19294,3868,22105,175789,Paid
bafc4c2a-b61d-46f0-9292-54efe4b89a5c,1,2025,54723,10944,5472,2736,2272,76147,6566,1332,7614,60635,Paid
bafc4c2a-b61d-46f0-9292-54efe4b89a5c,2,2025,54723,10944,5472,2736,3268,77143,6566,1350,7714,61513,Paid
bafc4c2a-b61d-46f0-9292-54efe4b89a5c,3,2025,54723,10944,5472,2736,1329,75204,6566,1316,7520,59802,Paid
bafc4c2a-b61d-46f0-9292-54efe4b89a5c,4,2025,54723,10944,5472,2736,3040,76915,6566,1346,7691,61312,Paid
bafc4c2a-b61d-46f0-9292-54efe4b89a5c,5,2025,54723,10944,5472,2736,1502,75377,6566,1319,7537,59955,Paid
bafc4c2a-b61d-46f0-9292-54efe4b89a5c,6,2025,54723,10944,5472,2736,1500,75375,6566,1319,7537,59953,Paid
653b819c-5b3c-4f12-aa14-2bf623e99fa2,1,2025,41006,8201,4100,2050,3546,58903,4920,1030,5890,47063,Paid
653b819c-5b3c-4f12-aa14-2bf623e99fa2,2,2025,41006,8201,4100,2050,5616,60973,4920,1067,6097,48889,Paid
653b819c-5b3c-4f12-aa14-2bf623e99fa2,3,2025,41006,8201,4100,2050,1909,57266,4920,1002,5726,45618,Paid
653b819c-5b3c-4f12-aa14-2bf623e99fa2,4,2025,41006,8201,4100,2050,1722,57079,4920,998,5707,45454,Paid
653b819c-5b3c-4f12-aa14-2bf623e99fa2,5,2025,41006,8201,4100,2050,409,55766,4920,975,5576,44295,Paid
653b819c-5b3c-4f12-aa14-2bf623e99fa2,6,2025,41006,8201,4100,2050,5873,61230,4920,1071,6123,49116,Paid
ce755464-5cef-423b-b889-eb23a2106ebe,1,2025,60817,12163,6081,3040,6338,88439,7298,1547,8843,70751,Paid
ce755464-5cef-423b-b889-eb23a2106ebe,2,2025,60817,12163,6081,3040,5249,87350,7298,1528,8735,69789,Paid
ce755464-5cef-423b-b889-eb23a2106ebe,3,2025,60817,12163,6081,3040,8672,90773,7298,1588,9077,72810,Paid
ce755464-5cef-423b-b889-eb23a2106ebe,4,2025,60817,12163,6081,3040,3156,85257,7298,1491,8525,67943,Paid
ce755464-5cef-423b-b889-eb23a2106ebe,5,2025,60817,12163,6081,3040,7799,89900,7298,1573,8990,72039,Paid
ce755464-5cef-423b-b889-eb23a2106ebe,6,2025,60817,12163,6081,3040,3232,85333,7298,1493,8533,68009,Paid
0f328eb3-3b06-411a-94fc-25a05916a39d,1,2025,169840,33968,16984,8492,19839,249123,20380,4359,24912,199472,Paid
0f328eb3-3b06-411a-94fc-25a05916a39d,2,2025,169840,33968,16984,8492,23143,252427,20380,4417,25242,202388,Paid
0f328eb3-3b06-411a-94fc-25a05916a39d,3,2025,169840,33968,16984,8492,6096,235380,20380,4119,23538,187343,Paid
0f328eb3-3b06-411a-94fc-25a05916a39d,4,2025,169840,33968,16984,8492,15375,244659,20380,4281,24465,195533,Paid
0f328eb3-3b06-411a-94fc-25a05916a39d,5,2025,169840,33968,16984,8492,9439,238723,20380,4177,23872,190294,Paid
0f328eb3-3b06-411a-94fc-25a05916a39d,6,2025,169840,33968,16984,8492,23971,253255,20380,4431,25325,203119,Paid
edf1d6ba-b7b0-48e8-8ba9-02a624030c8f,1,2025,56060,11212,5606,2803,7250,82931,6727,1451,8293,66460,Paid
edf1d6ba-b7b0-48e8-8ba9-02a624030c8f,2,2025,56060,11212,5606,2803,3029,78710,6727,1377,7871,62735,Paid
edf1d6ba-b7b0-48e8-8ba9-02a624030c8f,3,2025,56060,11212,5606,2803,8316,83997,6727,1469,8399,67402,Paid
edf1d6ba-b7b0-48e8-8ba9-02a624030c8f,4,2025,56060,11212,5606,2803,103,75784,6727,1326,7578,60153,Paid
edf1d6ba-b7b0-48e8-8ba9-02a624030c8f,5,2025,56060,11212,5606,2803,1303,76984,6727,1347,7698,61212,Paid
edf1d6ba-b7b0-48e8-8ba9-02a624030c8f,6,2025,56060,11212,5606,2803,2881,78562,6727,1374,7856,62605,Paid
c2356b8b-2103-4f0f-9e5b-b4d161555601,1,2025,91831,18366,9183,4591,4313,128284,11019,2244,12828,102193,Paid
c2356b8b-2103-4f0f-9e5b-b4d161555601,2,2025,91831,18366,9183,4591,2357,126328,11019,2210,12632,100467,Paid
c2356b8b-2103-4f0f-9e5b-b4d161555601,3,2025,91831,18366,9183,4591,8880,132851,11019,2324,13285,106223,Paid
c2356b8b-2103-4f0f-9e5b-b4d161555601,4,2025,91831,18366,9183,4591,9427,133398,11019,2334,13339,106706,Paid
c2356b8b-2103-4f0f-9e5b-b4d161555601,5,2025,91831,18366,9183,4591,3102,127073,11019,2223,12707,101124,Paid
c2356b8b-2103-4f0f-9e5b-b4d161555601,6,2025,91831,18366,9183,4591,11468,135439,11019,2370,13543,108507,Paid
c7b3609a-4066-45d5-bc3b-8a5cf4359425,1,2025,72508,14501,7250,3625,1241,99125,8700,1734,9912,78779,Paid
c7b3609a-4066-45d5-bc3b-8a5cf4359425,2,2025,72508,14501,7250,3625,3083,100967,8700,1766,10096,80405,Paid
c7b3609a-4066-45d5-bc3b-8a5cf4359425,3,2025,72508,14501,7250,3625,3064,100948,8700,1766,10094,80388,Paid
c7b3609a-4066-45d5-bc3b-8a5cf4359425,4,2025,72508,14501,7250,3625,5265,103149,8700,1805,10314,82330,Paid
c7b3609a-4066-45d5-bc3b-8a5cf4359425,5,2025,72508,14501,7250,3625,3730,101614,8700,1778,10161,80975,Paid
c7b3609a-4066-45d5-bc3b-8a5cf4359425,6,2025,72508,14501,7250,3625,2661,100545,8700,1759,10054,80032,Paid
d213c66e-0011-4bd6-9a68-d291a76f24f0,1,2025,143459,28691,14345,7172,20817,214484,17215,3753,21448,172068,Paid
d213c66e-0011-4bd6-9a68-d291a76f24f0,2,2025,143459,28691,14345,7172,19408,213075,17215,3728,21307,170825,Paid
d213c66e-0011-4bd6-9a68-d291a76f24f0,3,2025,143459,28691,14345,7172,9722,203389,17215,3559,20338,162277,Paid
d213c66e-0011-4bd6-9a68-d291a76f24f0,4,2025,143459,28691,14345,7172,19711,213378,17215,3734,21337,171092,Paid
d213c66e-0011-4bd6-9a68-d291a76f24f0,5,2025,143459,28691,14345,7172,13509,207176,17215,3625,20717,165619,Paid
d213c66e-0011-4bd6-9a68-d291a76f24f0,6,2025,143459,28691,14345,7172,16602,210269,17215,3679,21026,168349,Paid
583de298-1cca-462a-bb0f-016fd44f539c,1,2025,114816,22963,11481,5740,7151,162151,13777,2837,16215,129322,Paid
583de298-1cca-462a-bb0f-016fd44f539c,2,2025,114816,22963,11481,5740,13976,168976,13777,2957,16897,135345,Paid
583de298-1cca-462a-bb0f-016fd44f539c,3,2025,114816,22963,11481,5740,8223,163223,13777,2856,16322,130268,Paid
583de298-1cca-462a-bb0f-016fd44f539c,4,2025,114816,22963,11481,5740,11297,166297,13777,2910,16629,132981,Paid
583de298-1cca-462a-bb0f-016fd44f539c,5,2025,114816,22963,11481,5740,7889,162889,13777,2850,16288,129974,Paid
583de298-1cca-462a-bb0f-016fd44f539c,6,2025,114816,22963,11481,5740,228,155228,13777,2716,15522,123213,Paid
c276e073-32c8-47f4-9748-042be71559ad,1,2025,105973,21194,10597,5298,4611,147673,12716,2584,14767,117606,Paid
c276e073-32c8-47f4-9748-042be71559ad,2,2025,105973,21194,10597,5298,12358,155420,12716,2719,15542,124443,Paid
c276e073-32c8-47f4-9748-042be71559ad,3,2025,105973,21194,10597,5298,2642,145704,12716,2549,14570,115869,Paid
c276e073-32c8-47f4-9748-042be71559ad,4,2025,105973,21194,10597,5298,1059,144121,12716,2522,14412,114471,Paid
c276e073-32c8-47f4-9748-042be71559ad,5,2025,105973,21194,10597,5298,1009,144071,12716,2521,14407,114427,Paid
c276e073-32c8-47f4-9748-042be71559ad,6,2025,105973,21194,10597,5298,1028,144090,12716,2521,14409,114444,Paid
65da7385-925b-473d-9d5c-4aae3c7f667d,1,2025,169478,33895,16947,8473,11279,240072,20337,4201,24007,191527,Paid
65da7385-925b-473d-9d5c-4aae3c7f667d,2,2025,169478,33895,16947,8473,24016,252809,20337,4424,25280,202768,Paid
65da7385-925b-473d-9d5c-4aae3c7f667d,3,2025,169478,33895,16947,8473,1979,230772,20337,4038,23077,183320,Paid
65da7385-925b-473d-9d5c-4aae3c7f667d,4,2025,169478,33895,16947,8473,20311,249104,20337,4359,24910,199498,Paid
65da7385-925b-473d-9d5c-4aae3c7f667d,5,2025,169478,33895,16947,8473,24761,253554,20337,4437,25355,203425,Paid
65da7385-925b-473d-9d5c-4aae3c7f667d,6,2025,169478,33895,16947,8473,14093,242886,20337,4250,24288,194011,Paid
8e28949a-0771-4ee6-b5ae-428861b41075,1,2025,60958,12191,6095,3047,7306,89597,7314,1567,8959,71757,Paid
8e28949a-0771-4ee6-b5ae-428861b41075,2,2025,60958,12191,6095,3047,196,82487,7314,1443,8248,65482,Paid
8e28949a-0771-4ee6-b5ae-428861b41075,3,2025,60958,12191,6095,3047,1445,83736,7314,1465,8373,66584,Paid
8e28949a-0771-4ee6-b5ae-428861b41075,4,2025,60958,12191,6095,3047,5216,87507,7314,1531,8750,69912,Paid
8e28949a-0771-4ee6-b5ae-428861b41075,5,2025,60958,12191,6095,3047,5922,88213,7314,1543,8821,70535,Paid
8e28949a-0771-4ee6-b5ae-428861b41075,6,2025,60958,12191,6095,3047,1079,83370,7314,1458,8337,66261,Paid
6eb48167-51a7-4831-a9c3-2346fb5bf056,1,2025,108796,21759,10879,5439,11913,158786,13055,2778,15878,127075,Paid
6eb48167-51a7-4831-a9c3-2346fb5bf056,2,2025,108796,21759,10879,5439,13758,160631,13055,2811,16063,128702,Paid
6eb48167-51a7-4831-a9c3-2346fb5bf056,3,2025,108796,21759,10879,5439,5227,152100,13055,2661,15210,121174,Paid
6eb48167-51a7-4831-a9c3-2346fb5bf056,4,2025,108796,21759,10879,5439,7385,154258,13055,2699,15425,123079,Paid
6eb48167-51a7-4831-a9c3-2346fb5bf056,5,2025,108796,21759,10879,5439,5867,152740,13055,2672,15274,121739,Paid
6eb48167-51a7-4831-a9c3-2346fb5bf056,6,2025,108796,21759,10879,5439,12160,159033,13055,2783,15903,127292,Paid
04e8cfeb-d667-4629-9a9b-d910e8b0ec2b,1,2025,165946,33189,16594,8297,12138,236164,19913,4132,23616,188503,Paid
04e8cfeb-d667-4629-9a9b-d910e8b0ec2b,2,2025,165946,33189,16594,8297,16374,240400,19913,4207,24040,192240,Paid
04e8cfeb-d667-4629-9a9b-d910e8b0ec2b,3,2025,165946,33189,16594,8297,9838,233864,19913,4092,23386,186473,Paid
04e8cfeb-d667-4629-9a9b-d910e8b0ec2b,4,2025,165946,33189,16594,8297,16026,240052,19913,4200,24005,191934,Paid
04e8cfeb-d667-4629-9a9b-d910e8b0ec2b,5,2025,165946,33189,16594,8297,10271,234297,19913,4100,23429,186855,Paid
04e8cfeb-d667-4629-9a9b-d910e8b0ec2b,6,2025,165946,33189,16594,8297,17888,241914,19913,4233,24191,193577,Paid
4631363c-0128-41c5-b4d0-be72708b6194,1,2025,89882,17976,8988,4494,3737,125077,10785,2188,12507,99597,Paid
4631363c-0128-41c5-b4d0-be72708b6194,2,2025,89882,17976,8988,4494,9621,130961,10785,2291,13096,104789,Paid
4631363c-0128-41c5-b4d0-be72708b6194,3,2025,89882,17976,8988,4494,2794,124134,10785,2172,12413,98764,Paid
4631363c-0128-41c5-b4d0-be72708b6194,4,2025,89882,17976,8988,4494,699,122039,10785,2135,12203,96916,Paid
4631363c-0128-41c5-b4d0-be72708b6194,5,2025,89882,17976,8988,4494,11319,132659,10785,2321,13265,106288,Paid
4631363c-0128-41c5-b4d0-be72708b6194,6,2025,89882,17976,8988,4494,5781,127121,10785,2224,12712,101400,Paid
4d0581d0-c08b-49ad-ade9-d9adf91415f9,1,2025,147408,29481,14740,7370,15235,214234,17688,3749,21423,171374,Paid
4d0581d0-c08b-49ad-ade9-d9adf91415f9,2,2025,147408,29481,14740,7370,15127,214126,17688,3747,21412,171279,Paid
4d0581d0-c08b-49ad-ade9-d9adf91415f9,3,2025,147408,29481,14740,7370,10628,209627,17688,3668,20962,167309,Paid
4d0581d0-c08b-49ad-ade9-d9adf91415f9,4,2025,147408,29481,14740,7370,13213,212212,17688,3713,21221,169590,Paid
4d0581d0-c08b-49ad-ade9-d9adf91415f9,5,2025,147408,29481,14740,7370,15192,214191,17688,3748,21419,171336,Paid
4d0581d0-c08b-49ad-ade9-d9adf91415f9,6,2025,147408,29481,14740,7370,15217,214216,17688,3748,21421,171359,Paid
ad22b163-e291-4fb1-9be2-7c4fbf47441e,1,2025,158535,31707,15853,7926,5003,219024,19024,3832,21902,174266,Paid
ad22b163-e291-4fb1-9be2-7c4fbf47441e,2,2025,158535,31707,15853,7926,4655,218676,19024,3826,21867,173959,Paid
ad22b163-e291-4fb1-9be2-7c4fbf47441e,3,2025,158535,31707,15853,7926,12634,226655,19024,3966,22665,181000,Paid
ad22b163-e291-4fb1-9be2-7c4fbf47441e,4,2025,158535,31707,15853,7926,13749,227770,19024,3985,22777,181984,Paid
ad22b163-e291-4fb1-9be2-7c4fbf47441e,5,2025,158535,31707,15853,7926,802,214823,19024,3759,21482,170558,Paid
ad22b163-e291-4fb1-9be2-7c4fbf47441e,6,2025,158535,31707,15853,7926,4568,218589,19024,3825,21858,173882,Paid
1714fafb-6859-45e3-93d1-9c11fdc9f207,1,2025,123027,24605,12302,6151,12499,178584,14763,3125,17858,142838,Paid
1714fafb-6859-45e3-93d1-9c11fdc9f207,2,2025,123027,24605,12302,6151,4895,170980,14763,2992,17098,136127,Paid
1714fafb-6859-45e3-93d1-9c11fdc9f207,3,2025,123027,24605,12302,6151,13088,179173,14763,3135,17917,143358,Paid
1714fafb-6859-45e3-93d1-9c11fdc9f207,4,2025,123027,24605,12302,6151,11983,178068,14763,3116,17806,142383,Paid
1714fafb-6859-45e3-93d1-9c11fdc9f207,5,2025,123027,24605,12302,6151,457,166542,14763,2914,16654,132211,Paid
1714fafb-6859-45e3-93d1-9c11fdc9f207,6,2025,123027,24605,12302,6151,14233,180318,14763,3155,18031,144369,Paid
3fff71bf-6fbd-40a0-9cf2-3141aee75b8f,1,2025,85293,17058,8529,4264,2474,117618,10235,2058,11761,93564,Paid
3fff71bf-6fbd-40a0-9cf2-3141aee75b8f,2,2025,85293,17058,8529,4264,9714,124858,10235,2185,12485,99953,Paid
3fff71bf-6fbd-40a0-9cf2-3141aee75b8f,3,2025,85293,17058,8529,4264,3013,118157,10235,2067,11815,94040,Paid
3fff71bf-6fbd-40a0-9cf2-3141aee75b8f,4,2025,85293,17058,8529,4264,3555,118699,10235,2077,11869,94518,Paid
3fff71bf-6fbd-40a0-9cf2-3141aee75b8f,5,2025,85293,17058,8529,4264,1553,116697,10235,2042,11669,92751,Paid
3fff71bf-6fbd-40a0-9cf2-3141aee75b8f,6,2025,85293,17058,8529,4264,268,115412,10235,2019,11541,91617,Paid
896b3a13-9edd-4b91-af85-31a8c6888b62,1,2025,142574,28514,14257,7128,15475,207948,17108,3639,20794,166407,Paid
896b3a13-9edd-4b91-af85-31a8c6888b62,2,2025,142574,28514,14257,7128,4911,197384,17108,3454,19738,157084,Paid
896b3a13-9edd-4b91-af85-31a8c6888b62,3,2025,142574,28514,14257,7128,8876,201349,17108,3523,20134,160584,Paid
896b3a13-9edd-4b91-af85-31a8c6888b62,4,2025,142574,28514,14257,7128,11053,203526,17108,3561,20352,162505,Paid
896b3a13-9edd-4b91-af85-31a8c6888b62,5,2025,142574,28514,14257,7128,6480,198953,17108,3481,19895,158469,Paid
896b3a13-9edd-4b91-af85-31a8c6888b62,6,2025,142574,28514,14257,7128,710,193183,17108,3380,19318,153377,Paid
c29131fe-914e-46b8-a2d8-2766c38f4b22,1,2025,170370,34074,17037,8518,12852,242851,20444,4249,24285,193873,Paid
c29131fe-914e-46b8-a2d8-2766c38f4b22,2,2025,170370,34074,17037,8518,5187,235186,20444,4115,23518,187109,Paid
c29131fe-914e-46b8-a2d8-2766c38f4b22,3,2025,170370,34074,17037,8518,9945,239944,20444,4199,23994,191307,Paid
c29131fe-914e-46b8-a2d8-2766c38f4b22,4,2025,170370,34074,17037,8518,18000,247999,20444,4339,24799,198417,Paid
c29131fe-914e-46b8-a2d8-2766c38f4b22,5,2025,170370,34074,17037,8518,9098,239097,20444,4184,23909,190560,Paid
c29131fe-914e-46b8-a2d8-2766c38f4b22,6,2025,170370,34074,17037,8518,7462,237461,20444,4155,23746,189116,Paid
b341391a-bca1-4b4c-b488-02497efbd3d3,1,2025,89793,17958,8979,4489,7971,129190,10775,2260,12919,103236,Paid
b341391a-bca1-4b4c-b488-02497efbd3d3,2,2025,89793,17958,8979,4489,9942,131161,10775,2295,13116,104975,Paid
b341391a-bca1-4b4c-b488-02497efbd3d3,3,2025,89793,17958,8979,4489,11857,133076,10775,2328,13307,106666,Paid
b341391a-bca1-4b4c-b488-02497efbd3d3,4,2025,89793,17958,8979,4489,8177,129396,10775,2264,12939,103418,Paid
b341391a-bca1-4b4c-b488-02497efbd3d3,5,2025,89793,17958,8979,4489,7091,128310,10775,2245,12831,102459,Paid
b341391a-bca1-4b4c-b488-02497efbd3d3,6,2025,89793,17958,8979,4489,7128,128347,10775,2246,12834,102492,Paid
bdb90151-cea4-4d0f-81ab-f3104aa0b27b,1,2025,81896,16379,8189,4094,7984,118542,9827,2074,11854,94787,Paid
bdb90151-cea4-4d0f-81ab-f3104aa0b27b,2,2025,81896,16379,8189,4094,10908,121466,9827,2125,12146,97368,Paid
bdb90151-cea4-4d0f-81ab-f3104aa0b27b,3,2025,81896,16379,8189,4094,979,111537,9827,1951,11153,88606,Paid
bdb90151-cea4-4d0f-81ab-f3104aa0b27b,4,2025,81896,16379,8189,4094,5789,116347,9827,2036,11634,92850,Paid
bdb90151-cea4-4d0f-81ab-f3104aa0b27b,5,2025,81896,16379,8189,4094,1736,112294,9827,1965,11229,89273,Paid
bdb90151-cea4-4d0f-81ab-f3104aa0b27b,6,2025,81896,16379,8189,4094,1096,111654,9827,1953,11165,88709,Paid
954bb660-246e-49a1-8a93-57f72eb3b48b,1,2025,124746,24949,12474,6237,15620,184026,14969,3220,18402,147435,Paid
954bb660-246e-49a1-8a93-57f72eb3b48b,2,2025,124746,24949,12474,6237,9480,177886,14969,3113,17788,142016,Paid
954bb660-246e-49a1-8a93-57f72eb3b48b,3,2025,124746,24949,12474,6237,4635,173041,14969,3028,17304,137740,Paid
954bb660-246e-49a1-8a93-57f72eb3b48b,4,2025,124746,24949,12474,6237,7705,176111,14969,3081,17611,140450,Paid
954bb660-246e-49a1-8a93-57f72eb3b48b,5,2025,124746,24949,12474,6237,16998,185404,14969,3244,18540,148651,Paid
954bb660-246e-49a1-8a93-57f72eb3b48b,6,2025,124746,24949,12474,6237,16194,184600,14969,3230,18460,147941,Paid
9688f619-9beb-4015-b100-27f1936a9e05,1,2025,96728,19345,9672,4836,6821,137402,11607,2404,13740,109651,Paid
9688f619-9beb-4015-b100-27f1936a9e05,2,2025,96728,19345,9672,4836,8036,138617,11607,2425,13861,110724,Paid
9688f619-9beb-4015-b100-27f1936a9e05,3,2025,96728,19345,9672,4836,212,130793,11607,2288,13079,103819,Paid
9688f619-9beb-4015-b100-27f1936a9e05,4,2025,96728,19345,9672,4836,5046,135627,11607,2373,13562,108085,Paid
9688f619-9beb-4015-b100-27f1936a9e05,5,2025,96728,19345,9672,4836,10346,140927,11607,2466,14092,112762,Paid
9688f619-9beb-4015-b100-27f1936a9e05,6,2025,96728,19345,9672,4836,2598,133179,11607,2330,13317,105925,Paid
ec6058d0-e472-4c21-a859-2b8792aa165a,1,2025,128756,25751,12875,6437,10178,183997,15450,3219,18399,146929,Paid
ec6058d0-e472-4c21-a859-2b8792aa165a,2,2025,128756,25751,12875,6437,14057,187876,15450,3287,18787,150352,Paid
ec6058d0-e472-4c21-a859-2b8792aa165a,3,2025,128756,25751,12875,6437,3992,177811,15450,3111,17781,141469,Paid
ec6058d0-e472-4c21-a859-2b8792aa165a,4,2025,128756,25751,12875,6437,4241,178060,15450,3116,17806,141688,Paid
ec6058d0-e472-4c21-a859-2b8792aa165a,5,2025,128756,25751,12875,6437,17355,191174,15450,3345,19117,153262,Paid
ec6058d0-e472-4c21-a859-2b8792aa165a,6,2025,128756,25751,12875,6437,9237,183056,15450,3203,18305,146098,Paid
5b7b0ef9-55bc-439e-bc4e-e69be83bdd3e,1,2025,129416,25883,12941,6470,12234,186944,15529,3271,18694,149450,Paid
5b7b0ef9-55bc-439e-bc4e-e69be83bdd3e,2,2025,129416,25883,12941,6470,4198,178908,15529,3130,17890,142359,Paid
5b7b0ef9-55bc-439e-bc4e-e69be83bdd3e,3,2025,129416,25883,12941,6470,12109,186819,15529,3269,18681,149340,Paid
5b7b0ef9-55bc-439e-bc4e-e69be83bdd3e,4,2025,129416,25883,12941,6470,18524,193234,15529,3381,19323,155001,Paid
5b7b0ef9-55bc-439e-bc4e-e69be83bdd3e,5,2025,129416,25883,12941,6470,15516,190226,15529,3328,19022,152347,Paid
5b7b0ef9-55bc-439e-bc4e-e69be83bdd3e,6,2025,129416,25883,12941,6470,2068,176778,15529,3093,17677,140479,Paid
b2f7983f-0cce-42ba-8082-b934b99553a6,1,2025,44642,8928,4464,2232,3662,63928,5357,1118,6392,51061,Paid
b2f7983f-0cce-42ba-8082-b934b99553a6,2,2025,44642,8928,4464,2232,3031,63297,5357,1107,6329,50504,Paid
b2f7983f-0cce-42ba-8082-b934b99553a6,3,2025,44642,8928,4464,2232,3416,63682,5357,1114,6368,50843,Paid
b2f7983f-0cce-42ba-8082-b934b99553a6,4,2025,44642,8928,4464,2232,2016,62282,5357,1089,6228,49608,Paid
b2f7983f-0cce-42ba-8082-b934b99553a6,5,2025,44642,8928,4464,2232,1715,61981,5357,1084,6198,49342,Paid
b2f7983f-0cce-42ba-8082-b934b99553a6,6,2025,44642,8928,4464,2232,2672,62938,5357,1101,6293,50187,Paid
ef5a7e98-c494-49fe-96ed-0839e1af318b,1,2025,101194,20238,10119,5059,14911,151521,12143,2651,15152,121575,Paid
ef5a7e98-c494-49fe-96ed-0839e1af318b,2,2025,101194,20238,10119,5059,14284,150894,12143,2640,15089,121022,Paid
ef5a7e98-c494-49fe-96ed-0839e1af318b,3,2025,101194,20238,10119,5059,14787,151397,12143,2649,15139,121466,Paid
ef5a7e98-c494-49fe-96ed-0839e1af318b,4,2025,101194,20238,10119,5059,5120,141730,12143,2480,14173,112934,Paid
ef5a7e98-c494-49fe-96ed-0839e1af318b,5,2025,101194,20238,10119,5059,10385,146995,12143,2572,14699,117581,Paid
ef5a7e98-c494-49fe-96ed-0839e1af318b,6,2025,101194,20238,10119,5059,15003,151613,12143,2653,15161,121656,Paid
6b0c314f-d173-494a-8db5-a473f8bfcd3d,1,2025,164829,32965,16482,8241,9192,231709,19779,4054,23170,184706,Paid
6b0c314f-d173-494a-8db5-a473f8bfcd3d,2,2025,164829,32965,16482,8241,18186,240703,19779,4212,24070,192642,Paid
6b0c314f-d173-494a-8db5-a473f8bfcd3d,3,2025,164829,32965,16482,8241,11165,233682,19779,4089,23368,186446,Paid
6b0c314f-d173-494a-8db5-a473f8bfcd3d,4,2025,164829,32965,16482,8241,18914,241431,19779,4225,24143,193284,Paid
6b0c314f-d173-494a-8db5-a473f8bfcd3d,5,2025,164829,32965,16482,8241,10848,233365,19779,4083,23336,186167,Paid
6b0c314f-d173-494a-8db5-a473f8bfcd3d,6,2025,164829,32965,16482,8241,22882,245399,19779,4294,24539,196787,Paid
c29c9af0-4724-4390-94fe-c159d4835b40,1,2025,90954,18190,9095,4547,2082,124868,10914,2185,12486,99283,Paid
c29c9af0-4724-4390-94fe-c159d4835b40,2,2025,90954,18190,9095,4547,5272,128058,10914,2241,12805,102098,Paid
c29c9af0-4724-4390-94fe-c159d4835b40,3,2025,90954,18190,9095,4547,12805,135591,10914,2372,13559,108746,Paid
c29c9af0-4724-4390-94fe-c159d4835b40,4,2025,90954,18190,9095,4547,10365,133151,10914,2330,13315,106592,Paid
c29c9af0-4724-4390-94fe-c159d4835b40,5,2025,90954,18190,9095,4547,9376,132162,10914,2312,13216,105720,Paid
c29c9af0-4724-4390-94fe-c159d4835b40,6,2025,90954,18190,9095,4547,3750,126536,10914,2214,12653,100755,Paid
